Id,Text_KO,Text_EN,Text_JP
UI_START_GAME,게임 시작,Start Game,ゲーム開始
UI_CONTINUE,계속하기,Continue,続ける
UI_SETTINGS,설정,Settings,設定
UI_EXIT_GAME,게임 종료,Exit Game,ゲーム終了
UI_CONFIRM,확인,Confirm,確認
UI_CANCEL,취소,Cancel,キャンセル
UI_RETRY,재시도,Retry,リトライ
UI_BACK,뒤로,Back,戻る
UI_LOADING,로딩 중...,Loading...,ロード中...
UI_PAUSE,일시 정지,Paused,一時停止
CONFIG_SOUND,사운드 설정,Sound Settings,サウンド設定
CONFIG_LANGUAGE_SETTINGS,언어 설정,Language Settings,言語設定
CONFIG_LANGUAGE,언어,Language,言語
AKUBI_NAME_KEY,아쿠비 데몬스페이드,Akubi Demonspade,あくび・でもんすぺーど
KONOMI_NAME_KEY,아마카미 코노미,Amakami Konomi,甘狼このみ
LIZ_NAME_KEY,아마요 리즈,Amayo Liz,雨夜リズ
KOMA_NAME_KEY,코마와리 코마,Komawari Koma,小廻こま
TSUKURI_NAME_KEY,네무쿠모 츠쿠리,Nemukumo Tsukuri,眠雲ツクリ
NUHU_NAME_KEY,니지푸카 누후,Nijipuka Nuhu,虹深°ぬふ
NONO_NAME_KEY,노노노 노노,Nonono Nono,音ノ乃のの
RACO_NAME_KEY,오토노세 라코,Otonose Raco,音ノ瀬らこ
RAY_NAME_KEY,유기리 레이,Yugiri Ray,夕霧レイ
YURA_NAME_KEY,유라기 유라,Yuragi Yura,ゆらぎゆら
TRACK_Luminous_KEY,루미너스,Luminous,ルミナス
TRACK_Dochi_KEY,어느쪽?!,Dochi?!,どっち？！
AKUBI_NAME_SHORT_KEY,아쿠비,Akubi,あくび
KONOMI_NAME_SHORT_KEY,코노미,Konomi,このみ
LIZ_NAME_SHORT_KEY,리즈,Liz,リズ
KOMA_NAME_SHORT_KEY,코마,Koma,こま
TSUKURI_NAME_SHORT_KEY,츠쿠리,Tsukuri,ツクリ
NUHU_NAME_SHORT_KEY,누후,Nuhu,ぬふ
NONO_NAME_SHORT_KEY,노노,Nono,のの
RACO_NAME_SHORT_KEY,라코,Raco,らこ
RAY_NAME_SHORT_KEY,레이,Ray,レイ
YURA_NAME_SHORT_KEY,유라,Yura,ゆら

UI_PAUSED,일시 정지됨,Paused,一時停止中
UI_RESUME,계속 하기,Resume,再開
UI_RETURN_TO_TITLE,타이틀로,Return to Title,タイトルへ
UI_RETURN_TO_TITLE_CONFIRM,타이틀로 돌아가시겠습니까?,Return to the title screen?,タイトル画面に戻りますか？
UI_RESTART_CONFIRM,게임을 다시 시작하시겠습니까?,Restart the game?,ゲームを再開しますか？
UI_NAVIGATE,이동,Navigate,移動
UI_SELECT,선택,Select,選択
UI_FILTER,필터,Filter,フィルター
UI_TRACK_SELECT,트랙 선택,Track Select,楽曲選択
UI_CONFIRM_ACTION,결정,Confirm,決定
UI_DOUBLE_TAP_TO_BACK,두 번 탭하여 돌아가기,Double Tap to Go Back,2回タップで戻る

CONFIG_KEYBOARD_LAYOUT,키보드 레이아웃 (키보드 전용),Keyboard Layout (Keyboard Only),キーボードレイアウト（キーボードのみ）
CONFIG_VOLUME_SETTINGS,볼륨 설정,Volume Settings,音量設定
CONFIG_SOUND_MASTER_VOLUME,마스터 볼륨,Master Volume,マスター音量
CONFIG_SOUND_MUSIC_VOLUME,음악 볼륨,Music Volume,音楽音量
CONFIG_SOUND_SFX_VOLUME,SFX 볼륨,SFX Volume,効果音音量
CONFIG_GAME_SETTINGS,게임 설정,Game Settings,ゲーム設定
CONFIG_JUDGE_TIMING,노트 판정 타이밍 조정,Note Timing Adjustment,ノート判定タイミング調整
UI_CREDITS,크레딧,Credits,クレジット
UI_EXIT_GAME_CONFIRM,게임을 종료하시겠습니까?,Exit the game?,ゲームを終了しますか？

CREDIT_DESIGN_DEVELOPMENT,디자인 및 개발,Design & Development,デザイン・開発
CREDIT_CHARACTER_ART,캐릭터 아트,Character Art,キャラクターアート
CREDIT_INSPIRED_BY,영감 및 참고한 게임들,Inspired By,参考作品
CREDIT_INSPIRED_TRIBUTE,해당 작품에 애정과 경의를 표합니다.,With love and respect for these works.,これらの作品への愛と敬意を込めて。
CREDIT_ORIGINAL_IP_RIGHTS,원작 및 IP 권리,Original IP & Rights,原作・IP権利

CREDIT_GAME_RIFT_OF_THE_NECRODANCER,Rift of the NecroDancer,Rift of the NecroDancer,Rift of the NecroDancer
CREDIT_GAME_DJMAX_RESPECT,DJMAX RESPECT,DJMAX RESPECT,DJMAX RESPECT
CREDIT_GAME_FRIDAY_NIGHT_FUNKIN,Friday Night Funkin',Friday Night Funkin',Friday Night Funkin'
CREDIT_GAME_RHYTHM_HEAVEN_MIRACLE_STARS,리듬 천국 미라클 스타즈,Rhythm Heaven Groove,リズム天国 ミラクルスターズ
CREDIT_GAME_STELLAR_SORA,스텔라 소라,STELLAR SORA,ステラソラ
CREDIT_GAME_GROOVE_COASTER_WAI_WAI_PARTY,그루브 코스터 와이와이 파티!!!!,Groove Coaster: Wai Wai Party!!!!,グルーヴコースター ワイワイパーティー!!!!
CREDIT_GAME_OSU,osu!,osu!,osu!
CREDIT_GAME_FTL,FTL: Faster Than Light,FTL: Faster Than Light,FTL: Faster Than Light
CREDIT_GAME_HOLOLIVE_DREAMS,홀로라이브 드림스,Hololive Dreams,ホロライブドリームス
CREDIT_FAN_CONTENT_NOTICE,이 게임은 밀리프로의 공식 작품이 아니며 팬이 제작한 팬 콘텐츠입니다.,This game is an unofficial fan-made work and is not an official MilliPro production.,本ゲームはミリプロの公式作品ではなく、ファンによって制作された非公式のファンコンテンツです。
